{
  "roc_score": 0.8260790841204904,
  "mean_acc": 0.8272348309402503,
  "accuracy": [
    0.873552570634553, 0.8184344603983326, 0.8383510884668828,
    0.7957387679481241, 0.8100972672533581
  ],
  "class_auc": [
    0.834240097625464, 0.7896216203165304, 0.8601897499796842,
    0.7984359425846626, 0.8479080100961099
  ],
  "F1 score (Max)": 0.6816179004198076,
  "class_precision_recall_f1": [
    0.6816179004198076,
    0.8260790841204904,
    [
      0.6815350234995867, 0.6813930730349392, 0.6816179004198076,
      0.6801168059571486, 0.6795490919546608, 0.6777748398028755,
      0.6777193276020941, 0.6783217550731084, 0.6780619365835113,
      0.6769062722695359
    ],
    [
      0.706081081081081, 0.7072895791583166, 0.7092118473895582,
      0.711411943319838, 0.7128503883823033, 0.7135231316725978,
      0.714867617107943, 0.7172619047619049, 0.7195767195767196,
      0.719603825136612
    ],
    [
      0.6586382584529875, 0.6573259224949822, 0.6560907827698008,
      0.6514590088003706, 0.6492203180484791, 0.6454377026401111,
      0.6442411610313417, 0.6433920024702795, 0.6410761154855644,
      0.6389918171993207
    ],
    [
      0.0, 0.1111111111111111, 0.2222222222222222, 0.3333333333333333,
      0.4444444444444444, 0.5555555555555556, 0.6666666666666666,
      0.7777777777777777, 0.8888888888888888, 1.0
    ]
  ]
}
