{
  "roc_score": 0.8428358367899309,
  "mean_acc": 0.8467809170912458,
  "accuracy": [
    0.857341361741547, 0.890226956924502, 0.8286243631310792,
    0.8198239925891616, 0.8378879110699398
  ],
  "class_auc": [
    0.8298612372187396, 0.8011685787523087, 0.8332949589619958,
    0.8792852255875416, 0.8705691834290683
  ],
  "F1 score (Max)": 0.7242958849954538,
  "class_precision_recall_f1": [
    0.7242958849954538,
    0.8428358367899309,
    [
      0.7242958849954538, 0.7216993405246234, 0.7203542060319079,
      0.7204909101903125, 0.7205054721584067, 0.718905710041296,
      0.7160158275688105, 0.7147511219333033, 0.714344951401999,
      0.7136078525563864
    ],
    [
      0.7357665394402035, 0.7358919177427068, 0.7358513189448441,
      0.7377403846153846, 0.7391321783766441, 0.7407452116529858,
      0.7413304164641064, 0.7419026692708334, 0.7429095354523227,
      0.7448453608247423
    ],
    [
      0.7131773969430292, 0.708043847460244, 0.7054963717770573,
      0.7040296433534043, 0.702794503628223, 0.6983171221244404,
      0.6923730121970048, 0.6895167515825228, 0.6878956306932222,
      0.6848849776130925
    ],
    [
      0.0, 0.1111111111111111, 0.2222222222222222, 0.3333333333333333,
      0.4444444444444444, 0.5555555555555556, 0.6666666666666666,
      0.7777777777777777, 0.8888888888888888, 1.0
    ]
  ]
}
